<?xml version='1.0' encoding='utf-8' standalone='yes' ?>
<map>
    <boolean name="shouldDownloadToSDCard" value="false" />
    <long name="LastLicenseMarkSyncMillis" value="1757759617531" />
    <boolean name="firstAppStartWithoutUser" value="false" />
    <long name="SyncPlayerSdkDownloadMillis" value="1757759618109" />
    <boolean name="shouldSubscribeToAllTopics" value="false" />
    <boolean name="bg_startup_tracing" value="false" />
    <long name="RefreshMetadataSyncTTLMillis" value="1758350018108" />
    <long name="com.amazon.communication.remotesetting.pref.LAST_SUCCESSFUL_SYNC" value="1757745204109" />
    <string name="PN_customer_vcr">GB</string>
    <string name="PN_subscription_prefs">[{&quot;topic&quot;:&quot;AIV_video_favorites&quot;,&quot;isSubscribed&quot;:false},{&quot;topic&quot;:&quot;AIV_video_in_library&quot;,&quot;isSubscribed&quot;:false},{&quot;topic&quot;:&quot;AIV_video_recommendations&quot;,&quot;isSubscribed&quot;:false},{&quot;topic&quot;:&quot;AIV_video_sports_suggestions&quot;,&quot;isSubscribed&quot;:false},{&quot;topic&quot;:&quot;AIV_new_feature&quot;,&quot;isSubscribed&quot;:false},{&quot;topic&quot;:&quot;AIV_offer&quot;,&quot;isSubscribed&quot;:false}]</string>
    <long name="com.amazon.communication.remotesetting.pref.LAST_SYNC_ATTEMPT" value="1757745204109" />
    <string name="PN_customer_id">amzn1.account.AHZ3GDOZMTYI43RJFHH7QH5Y6KQQ</string>
    <long name="LastImagesDownloadSyncMillis" value="1757759618108" />
</map>
