<?xml version='1.0' encoding='utf-8' standalone='yes' ?>
<map>
    <boolean name="PN_registered_successfully_with_MPRS" value="true" />
    <string name="PN_registration_id">cmsGZ2sLTKCxylqYwM7u4M:APA91bEIPEE4Lz-umESnPsOKONm1JLMTErAdqubjQ1-UnFbi4L0PEzLUVads02_po-AUOAkd8LkomzdWQ3LHluq8F8Ti5Uewy2B2PztmTCr4X-rmr_mbi7E</string>
    <string name="PN_OS_notification_state">ACTIVE</string>
    <int name="PN_sequence_number_int" value="3" />
    <boolean name="isHfrSupported_Cache" value="true" />
    <boolean name="isHdrSupported_Cache" value="false" />
    <boolean name="isUhdSupported_Cache" value="false" />
    <boolean name="isReferrerValueSet" value="true" />
    <boolean name="EventSync_shouldForceProcess" value="false" />
    <string name="PN_OS_version">14</string>
    <string name="PN_application_install_id">EU:amazonaiv:1d73e7b0-f377-4d0c-828c-682d98b0d6bf</string>
    <string name="playbackSupportInfo_Cache">SUPPORTED_HARDWARE</string>
    <boolean name="isDolyDigitalPlusSupported_Cache" value="false" />
    <string name="deviceVideoCodecOverride_Cache">H264;H265</string>
    <boolean name="isHevcSupported_Cache" value="true" />
    <boolean name="isPlaybackSupportCached" value="true" />
    <string name="deviceBitrateAdaptationsOverride_Cache">CBR;CVBR</string>
    <string name="playStoreInstallReferrer">utm_source=google-play&amp;utm_medium=organic</string>
    <boolean name="isHdSupported_Cache" value="true" />
    <string name="PN_app_version">3.0.421.1347</string>
</map>
