{"Fid":"cmsGZ2sLTKCxylqYwM7u4M","Status":3,"AuthToken":"eyJhbGciOiJFUzI1NiIsInR5cCI6IkpXVCJ9.eyJhcHBJZCI6IjE6MzU0ODAwNjQ1MzI5OmFuZHJvaWQ6NGM2NjY0NGY4NDc1MTUwYiIsImV4cCI6MTc1ODM0OTg2NCwiZmlkIjoiY21zR1oyc0xUS0N4eWxxWXdNN3U0TSIsInByb2plY3ROdW1iZXIiOjM1NDgwMDY0NTMyOX0.AB2LPV8wRgIhALzKR33QT3J_WClfU3NaL4wcwA3-Pn1MF_hIpICQFlEYAiEAv30aRHOSJWP6U-2lqHzdIJchKTNn6vypEyxzWZu0SYI","RefreshToken":"3_AS3qfwLK_GuAC2bekJdPcsfN_DEBVoHoPrdtUEJXkWD_tLQEfxUNZxTCuyqtwaUYwio9HvUrGImEBKcsHgR8YeJWJHhShPtKOFIoc-UromyI7w","TokenCreationEpochInSecs":1757745063,"ExpiresInSecs":604800}